1272;Cardinalis;cardinalis;Northern Cardinal;;Don Jones;United States;Dot  and  Brooks Evert Trail, Burlington County, NJ;39.923429;-74.651928;song;bird193b.mp3;http://www.xeno-canto.org/sounds/uploaded/BCWZQTGMSO/bird193b.mp3;http://www.xeno-canto.org/sounds/uploaded/BCWZQTGMSO/ffts/tb/bird193b.png
1273;Cardinalis;cardinalis;Northern Cardinal;;Don Jones;United States;Dot  and  Brooks Evert Trail, Burlington County, NJ;39.923429;-74.651928;call;bird193a.mp3;http://www.xeno-canto.org/sounds/uploaded/BCWZQTGMSO/bird193a.mp3;http://www.xeno-canto.org/sounds/uploaded/BCWZQTGMSO/ffts/tb/bird193a.png
10170;Cardinalis;cardinalis;Northern Cardinal;;Paul Jaszczak;United States;Greenville, PA;41.405656;-80.385418;song;Cardinalis_cardinalis_8.mp3;http://www.xeno-canto.org/sounds/uploaded/AKVAYAQHRQ/Cardinalis_cardinalis_8.mp3;http://www.xeno-canto.org/sounds/uploaded/AKVAYAQHRQ/ffts/tb/Cardinalis_cardinalis_8.png
10169;Cardinalis;cardinalis;Northern Cardinal;;Paul Jaszczak;United States;Greenville, PA;41.405656;-80.385418;song;Cardinalis_cardinalis_7.mp3;http://www.xeno-canto.org/sounds/uploaded/AKVAYAQHRQ/Cardinalis_cardinalis_7.mp3;http://www.xeno-canto.org/sounds/uploaded/AKVAYAQHRQ/ffts/tb/Cardinalis_cardinalis_7.png
11502;Cardinalis;cardinalis;Northern Cardinal;;Allen T. Chartier;United States;Michigan, Kensington Metropark;42.5306;-83.6709;Calls;Cardinalis_cardinalis_MI-KMP_20070223_C1_ATC.mp3;http://www.xeno-canto.org/sounds/uploaded/AZXTZTQJRO/Cardinalis_cardinalis_MI-KMP_20070223_C1_ATC.mp3;http://www.xeno-canto.org/sounds/uploaded/AZXTZTQJRO/ffts/tb/Cardinalis_cardinalis_MI-KMP_20070223_C1_ATC.png
11503;Cardinalis;cardinalis;Northern Cardinal;;Allen T. Chartier;United States;Michigan, Metro Beach Metropark;42.5759;-82.8087;Song;Cardinalis_cardinalis_MI-MBMP_20070221_S5_ATC.mp3;http://www.xeno-canto.org/sounds/uploaded/AZXTZTQJRO/Cardinalis_cardinalis_MI-MBMP_20070221_S5_ATC.mp3;http://www.xeno-canto.org/sounds/uploaded/AZXTZTQJRO/ffts/tb/Cardinalis_cardinalis_MI-MBMP_20070221_S5_ATC.png
11713;Cardinalis;cardinalis;Northern Cardinal;;Chris Parrish;United States;Sewanee, Franklin County, Tennessee;35.2176;-85.922;song;cp0051xc_Cardinalis_cardinalis_31mar2007_Sewanee.mp3;http://www.xeno-canto.org/sounds/uploaded/IHIOGGZVQA/cp0051xc_Cardinalis_cardinalis_31mar2007_Sewanee.mp3;http://www.xeno-canto.org/sounds/uploaded/IHIOGGZVQA/ffts/tb/cp0051xc_Cardinalis_cardinalis_31mar2007_Sewanee.png
11846;Cardinalis;cardinalis;Northern Cardinal;;Allen T. Chartier;United States;Michigan, Lake Erie Metropark;42.0778;-83.1995;Song;Cardinalis_cardinalis_MI-LEMP_20070306_S1_ATC.mp3;http://www.xeno-canto.org/sounds/uploaded/AZXTZTQJRO/Cardinalis_cardinalis_MI-LEMP_20070306_S1_ATC.mp3;http://www.xeno-canto.org/sounds/uploaded/AZXTZTQJRO/ffts/tb/Cardinalis_cardinalis_MI-LEMP_20070306_S1_ATC.png
12876;Cardinalis;cardinalis;Northern Cardinal;;Chris Parrish;United States;Sewanee, Franklin County, Tennessee;35.2176;-85.922;Song.;cp0083xc_Cardinalis_cardinalis_24apr2007_Sewanee.mp3;http://www.xeno-canto.org/sounds/uploaded/IHIOGGZVQA/cp0083xc_Cardinalis_cardinalis_24apr2007_Sewanee.mp3;http://www.xeno-canto.org/sounds/uploaded/IHIOGGZVQA/ffts/tb/cp0083xc_Cardinalis_cardinalis_24apr2007_Sewanee.png
13164;Cardinalis;cardinalis;Northern Cardinal;;Chris Parrish;United States;Sewanee, Franklin County, Tennessee;35.2176;-85.922;Song.;cp0124xc_Cardinalis_cardinalis_02may2007_Sewanee.mp3;http://www.xeno-canto.org/sounds/uploaded/IHIOGGZVQA/cp0124xc_Cardinalis_cardinalis_02may2007_Sewanee.mp3;http://www.xeno-canto.org/sounds/uploaded/IHIOGGZVQA/ffts/tb/cp0124xc_Cardinalis_cardinalis_02may2007_Sewanee.png
13190;Cardinalis;cardinalis;Northern Cardinal;;Andrew Spencer;United States;Cottonwood Canyon, Las Animas County, Colorado;37.03586;-104.74805;song;NOCA2007-4-29-3.mp3;http://www.xeno-canto.org/sounds/uploaded/CDTGHVBGZP/NOCA2007-4-29-3.mp3;http://www.xeno-canto.org/sounds/uploaded/CDTGHVBGZP/ffts/tb/NOCA2007-4-29-3.png
13191;Cardinalis;cardinalis;Northern Cardinal;;Andrew Spencer;United States;Cottonwood Canyon, Las Animas County, Colorado;37.03586;-104.74805;song;NOCA2007-4-29-2.mp3;http://www.xeno-canto.org/sounds/uploaded/CDTGHVBGZP/NOCA2007-4-29-2.mp3;http://www.xeno-canto.org/sounds/uploaded/CDTGHVBGZP/ffts/tb/NOCA2007-4-29-2.png
17057;Cardinalis;cardinalis;Northern Cardinal;;Allen T. Chartier;United States;Michigan, Pinckney SRA;42.42615;-83.97078;Song;Cardinalis_cardinalis_MI-PSRA_20070607_S3_ATC.mp3;http://www.xeno-canto.org/sounds/uploaded/AZXTZTQJRO/Cardinalis_cardinalis_MI-PSRA_20070607_S3_ATC.mp3;http://www.xeno-canto.org/sounds/uploaded/AZXTZTQJRO/ffts/tb/Cardinalis_cardinalis_MI-PSRA_20070607_S3_ATC.png
18125;Cardinalis;cardinalis;Northern Cardinal;;Andrew Spencer;United States;Catalina State Park, Pima Co., Arizona;32.43619;-110.90482;song;NOCA2008-2-23-1short.mp3;http://www.xeno-canto.org/sounds/uploaded/CDTGHVBGZP/NOCA2008-2-23-1short.mp3;http://www.xeno-canto.org/sounds/uploaded/CDTGHVBGZP/ffts/tb/NOCA2008-2-23-1short.png
18344;Cardinalis;cardinalis;Northern Cardinal;;Chris Parrish;United States;Sewanee, Franklin County, Tennessee;35.2176;-85.922;songs;cp0558_xc_Cardinalis cardinalis_08mar2008_Sewanee.mp3;http://www.xeno-canto.org/sounds/uploaded/IHIOGGZVQA/cp0558_xc_Cardinalis cardinalis_08mar2008_Sewanee.mp3;http://www.xeno-canto.org/sounds/uploaded/IHIOGGZVQA/ffts/tb/cp0558_xc_Cardinalis cardinalis_08mar2008_Sewanee.png
20420;Cardinalis;cardinalis;Northern Cardinal;;Chris Parrish;United States;Sewanee, Franklin County, Tennessee;35.2176;-85.922;Songs.;cp0573b_xc_Cardinalis_cardinalis_04may2008_Sewanee.mp3;http://www.xeno-canto.org/sounds/uploaded/IHIOGGZVQA/cp0573b_xc_Cardinalis_cardinalis_04may2008_Sewanee.mp3;http://www.xeno-canto.org/sounds/uploaded/IHIOGGZVQA/ffts/tb/cp0573b_xc_Cardinalis_cardinalis_04may2008_Sewanee.png
21376;Cardinalis;cardinalis;Northern Cardinal;ignea;Richard E Webster;Mexico;San Isidro, Rio La Purisima, Baja Sur;26.2151;-112.0234;song;Northern Cardinal s San Isidro BajaS 031607.mp3;http://www.xeno-canto.org/sounds/uploaded/KZYUWIRZVH/Northern Cardinal s San Isidro BajaS 031607.mp3;http://www.xeno-canto.org/sounds/uploaded/KZYUWIRZVH/ffts/tb/Northern Cardinal s San Isidro BajaS 031607.png
21377;Cardinalis;cardinalis;Northern Cardinal;ignea;Richard E Webster;Mexico;Comondu, Baja Sur;25.9742;-111.9184;song;Northern Cardinal s Comondu BajaS 031707.mp3;http://www.xeno-canto.org/sounds/uploaded/KZYUWIRZVH/Northern Cardinal s Comondu BajaS 031707.mp3;http://www.xeno-canto.org/sounds/uploaded/KZYUWIRZVH/ffts/tb/Northern Cardinal s Comondu BajaS 031707.png
21378;Cardinalis;cardinalis;Northern Cardinal;ignea;Richard E Webster;Mexico;Comondu, Baja Sur;25.9742;-111.9184;call;Northern Cardinal c Comondu BajaS 031707.mp3;http://www.xeno-canto.org/sounds/uploaded/KZYUWIRZVH/Northern Cardinal c Comondu BajaS 031707.mp3;http://www.xeno-canto.org/sounds/uploaded/KZYUWIRZVH/ffts/tb/Northern Cardinal c Comondu BajaS 031707.png
31164;Cardinalis;cardinalis;Northern Cardinal;;Allen T. Chartier;United States;Michigan, St. Clair County;43.1256;-82.6098;Song;Cardinalis_cardinalis_20080624_MI-STC_S1_ATC.mp3;http://www.xeno-canto.org/sounds/uploaded/AZXTZTQJRO/Cardinalis_cardinalis_20080624_MI-STC_S1_ATC.mp3;http://www.xeno-canto.org/sounds/uploaded/AZXTZTQJRO/ffts/tb/Cardinalis_cardinalis_20080624_MI-STC_S1_ATC.png
31676;Cardinalis;cardinalis;Northern Cardinal;carneus;Nick Athanas;Mexico;Zipolite, Oaxaca;15.6656;-96.5267;song;R09_2183-Northern-Cardinal.mp3;http://www.xeno-canto.org/sounds/uploaded/XRABICUARW/R09_2183-Northern-Cardinal.mp3;http://www.xeno-canto.org/sounds/uploaded/XRABICUARW/ffts/tb/R09_2183-Northern-Cardinal.png
33642;Cardinalis;cardinalis;Northern Cardinal;saturata;Héctor Perdomo-Velázquez;Mexico;Cozumel Island;20.4401;-86.9051;Song;CACAPerdomo2009.mp3;http://www.xeno-canto.org/sounds/uploaded/LVWSSUQJRZ/CACAPerdomo2009.mp3;http://www.xeno-canto.org/sounds/uploaded/LVWSSUQJRZ/ffts/tb/CACAPerdomo2009.png
34814;Cardinalis;cardinalis;Northern Cardinal;;Andrew Spencer;United States;Arivaca Cienega, Pima Co., Arizona;31.574806;-111.330643;song;NOCA2009-5-22-1.mp3;http://www.xeno-canto.org/sounds/uploaded/CDTGHVBGZP/NOCA2009-5-22-1.mp3;http://www.xeno-canto.org/sounds/uploaded/CDTGHVBGZP/ffts/tb/NOCA2009-5-22-1.png
35943;Cardinalis;cardinalis;Northern Cardinal;cardinalis;Stuart Fisher;United States;Castleberry, Big Creek, Cumming, GA;34.1637;-84.2195;Song;Northern Cardinal clear.mp3;http://www.xeno-canto.org/sounds/uploaded/VXZDHTKCBO/Northern Cardinal clear.mp3;http://www.xeno-canto.org/sounds/uploaded/VXZDHTKCBO/ffts/tb/Northern Cardinal clear.png
35944;Cardinalis;cardinalis;Northern Cardinal;cardinalis;Stuart Fisher;United States;Big Creek, Cumming, Georgia;34.1712;-84.2017;Song;Northern Cardinal not filtered.mp3;http://www.xeno-canto.org/sounds/uploaded/VXZDHTKCBO/Northern Cardinal not filtered.mp3;http://www.xeno-canto.org/sounds/uploaded/VXZDHTKCBO/ffts/tb/Northern Cardinal not filtered.png
43781;Cardinalis;cardinalis;Northern Cardinal;;Todd Wilson;United States;Kettle Moraine State Park, North Unit, Wisconsin;43.6313042480466;-88.1658325111493;call;cardinal_chips.mp3;http://www.xeno-canto.org/sounds/uploaded/HNJLXSFHYB/cardinal_chips.mp3;http://www.xeno-canto.org/sounds/uploaded/HNJLXSFHYB/ffts/tb/cardinal_chips.png
48648;Cardinalis;cardinalis;Northern Cardinal;;Ian Davies;United States;Manomet Bird Observatory, Manomet, Plymouth County, Massachusetts;41.92;-70.543;Song;NOCA_best.mp3;http://www.xeno-canto.org/sounds/uploaded/SNHVNQVYJV/NOCA_best.mp3;http://www.xeno-canto.org/sounds/uploaded/SNHVNQVYJV/ffts/tb/NOCA_best.png
48649;Cardinalis;cardinalis;Northern Cardinal;;Ian Davies;United States;Manomet Bird Observatory, Manomet, Plymouth County, Massachusetts;41.92;-70.543;Call;NOCA_calling.mp3;http://www.xeno-canto.org/sounds/uploaded/SNHVNQVYJV/NOCA_calling.mp3;http://www.xeno-canto.org/sounds/uploaded/SNHVNQVYJV/ffts/tb/NOCA_calling.png
52355;Cardinalis;cardinalis;Northern Cardinal;cardinalis;Mike Nelson;United States;Wood Thrush Ridge, Greenback, Tennessee;35.666;-84.145;Whisper song;Cardinal.mp3;http://www.xeno-canto.org/sounds/uploaded/PWDLINYMKL/Cardinal.mp3;http://www.xeno-canto.org/sounds/uploaded/PWDLINYMKL/ffts/tb/Cardinal.png
54005;Cardinalis;cardinalis;Northern Cardinal;cardinalis;Mike Nelson;United States;Knoxville, Tennessee;35.8589;-84.0948;Song;NorthernCardinal.mp3;http://www.xeno-canto.org/sounds/uploaded/PWDLINYMKL/NorthernCardinal.mp3;http://www.xeno-canto.org/sounds/uploaded/PWDLINYMKL/ffts/tb/NorthernCardinal.png
54006;Cardinalis;cardinalis;Northern Cardinal;cardinalis;Mike Nelson;United States;Knoxville, Tennessee;35.8589;-84.0948;Song/call;NorthernCardinal2.mp3;http://www.xeno-canto.org/sounds/uploaded/PWDLINYMKL/NorthernCardinal2.mp3;http://www.xeno-canto.org/sounds/uploaded/PWDLINYMKL/ffts/tb/NorthernCardinal2.png
54007;Cardinalis;cardinalis;Northern Cardinal;cardinalis;Mike Nelson;United States;Knoxville, Tennessee;35.8589;-84.0948;Song/call;NorthernCardinal3.mp3;http://www.xeno-canto.org/sounds/uploaded/PWDLINYMKL/NorthernCardinal3.mp3;http://www.xeno-canto.org/sounds/uploaded/PWDLINYMKL/ffts/tb/NorthernCardinal3.png
54008;Cardinalis;cardinalis;Northern Cardinal;cardinalis;Mike Nelson;United States;Knoxville, Tennessee;35.8589;-84.0948;Call;NorthernCardinal4.mp3;http://www.xeno-canto.org/sounds/uploaded/PWDLINYMKL/NorthernCardinal4.mp3;http://www.xeno-canto.org/sounds/uploaded/PWDLINYMKL/ffts/tb/NorthernCardinal4.png
54009;Cardinalis;cardinalis;Northern Cardinal;cardinalis;Mike Nelson;United States;Knoxville, Tennessee;35.8589;-84.0948;Call;NorthernCardinal5.mp3;http://www.xeno-canto.org/sounds/uploaded/PWDLINYMKL/NorthernCardinal5.mp3;http://www.xeno-canto.org/sounds/uploaded/PWDLINYMKL/ffts/tb/NorthernCardinal5.png
54010;Cardinalis;cardinalis;Northern Cardinal;cardinalis;Mike Nelson;United States;Knoxville, Tennessee;35.8589;-84.0948;Song;NorthernCardinal6.mp3;http://www.xeno-canto.org/sounds/uploaded/PWDLINYMKL/NorthernCardinal6.mp3;http://www.xeno-canto.org/sounds/uploaded/PWDLINYMKL/ffts/tb/NorthernCardinal6.png
54652;Cardinalis;cardinalis;Northern Cardinal;;Stuart Fisher;United States;Key West, Government Road, Florida;24.557;-81.763;Song;CardinalKeyWest.mp3;http://www.xeno-canto.org/sounds/uploaded/VXZDHTKCBO/CardinalKeyWest.mp3;http://www.xeno-canto.org/sounds/uploaded/VXZDHTKCBO/ffts/tb/CardinalKeyWest.png
54839;Cardinalis;cardinalis;Northern Cardinal;;Stuart Fisher;United States;Jekyll Island North;31.101;-81.411;Calls;Cardinalfamily.mp3;http://www.xeno-canto.org/sounds/uploaded/VXZDHTKCBO/Cardinalfamily.mp3;http://www.xeno-canto.org/sounds/uploaded/VXZDHTKCBO/ffts/tb/Cardinalfamily.png
56082;Cardinalis;cardinalis;Northern Cardinal;;Chuck Davis;United States;La Porte, Texas;29.649;-95.014;Call;MONO-003-Norm-NCardinal.mp3;http://www.xeno-canto.org/sounds/uploaded/YUBTREETPH/MONO-003-Norm-NCardinal.mp3;http://www.xeno-canto.org/sounds/uploaded/YUBTREETPH/ffts/tb/MONO-003-Norm-NCardinal.png
56221;Cardinalis;cardinalis;Northern Cardinal;;Chuck Davis;United States;La Porte, Texas;29.649;-95.014;call;MONO-002b-Norm-NCardinal.mp3;http://www.xeno-canto.org/sounds/uploaded/YUBTREETPH/MONO-002b-Norm-NCardinal.mp3;http://www.xeno-canto.org/sounds/uploaded/YUBTREETPH/ffts/tb/MONO-002b-Norm-NCardinal.png
56227;Cardinalis;cardinalis;Northern Cardinal;;Chuck Davis;United States;La Porte, Texas;29.649;-95.014;call;MONO-006-Norm-DownyWoodpecker.mp3;http://www.xeno-canto.org/sounds/uploaded/YUBTREETPH/MONO-006-Norm-DownyWoodpecker.mp3;http://www.xeno-canto.org/sounds/uploaded/YUBTREETPH/ffts/tb/MONO-006-Norm-DownyWoodpecker.png
57386;Cardinalis;cardinalis;Northern Cardinal;cardinalis;Mike Nelson;United States;Knoxville, Tennessee;35.8589;-84.0948;Song;NorthernCardinal7.mp3;http://www.xeno-canto.org/sounds/uploaded/PWDLINYMKL/NorthernCardinal7.mp3;http://www.xeno-canto.org/sounds/uploaded/PWDLINYMKL/ffts/tb/NorthernCardinal7.png
57387;Cardinalis;cardinalis;Northern Cardinal;cardinalis;Mike Nelson;United States;Knoxville, Tennessee;35.8589;-84.0948;Song;NorthernCardinal8.mp3;http://www.xeno-canto.org/sounds/uploaded/PWDLINYMKL/NorthernCardinal8.mp3;http://www.xeno-canto.org/sounds/uploaded/PWDLINYMKL/ffts/tb/NorthernCardinal8.png
58464;Cardinalis;cardinalis;Northern Cardinal;cardinalis;Mike Nelson;United States;Knoxville, Tennessee;35.8589;-84.0948;Song;NorthernCardinal9.mp3;http://www.xeno-canto.org/sounds/uploaded/PWDLINYMKL/NorthernCardinal9.mp3;http://www.xeno-canto.org/sounds/uploaded/PWDLINYMKL/ffts/tb/NorthernCardinal9.png
59942;Cardinalis;cardinalis;Northern Cardinal;cardinalis;Mike Nelson;United States;Knoxville, Tennessee;35.8589;-84.0948;call;NorthernCardinal10.mp3;http://www.xeno-canto.org/sounds/uploaded/PWDLINYMKL/NorthernCardinal10.mp3;http://www.xeno-canto.org/sounds/uploaded/PWDLINYMKL/ffts/tb/NorthernCardinal10.png
67160;Cardinalis;cardinalis;Northern Cardinal;;Daniel Lane;United States;Stuart, Martin County, FL;27.194;-80.25;song, call;Cardinalis cardinalis83-FLA.mp3;http://www.xeno-canto.org/sounds/uploaded/WOEAFQRMUD/Cardinalis cardinalis83-FLA.mp3;http://www.xeno-canto.org/sounds/uploaded/WOEAFQRMUD/ffts/tb/Cardinalis cardinalis83-FLA.png
67165;Cardinalis;cardinalis;Northern Cardinal;;Daniel Lane;United States;Glenridge Parkway, Montclair, Essex County, NJ;40.8208115371123;-74.2016687391879;song;Cardinalis cardinalisMarch83-1.mp3;http://www.xeno-canto.org/sounds/uploaded/WOEAFQRMUD/Cardinalis cardinalisMarch83-1.mp3;http://www.xeno-canto.org/sounds/uploaded/WOEAFQRMUD/ffts/tb/Cardinalis cardinalisMarch83-1.png
67166;Cardinalis;cardinalis;Northern Cardinal;;Daniel Lane;United States;Glenridge Parkway, Montclair, Essex County, NJ;40.8208115371123;-74.2016687391879;song;Cardinalis cardinalisMarch83-2.mp3;http://www.xeno-canto.org/sounds/uploaded/WOEAFQRMUD/Cardinalis cardinalisMarch83-2.mp3;http://www.xeno-canto.org/sounds/uploaded/WOEAFQRMUD/ffts/tb/Cardinalis cardinalisMarch83-2.png
67167;Cardinalis;cardinalis;Northern Cardinal;;Daniel Lane;United States;Glenridge Parkway, Montclair, Essex County, NJ;40.8208115371123;-74.2016687391879;song;Cardinalis cardinalisJune88-3.mp3;http://www.xeno-canto.org/sounds/uploaded/WOEAFQRMUD/Cardinalis cardinalisJune88-3.mp3;http://www.xeno-canto.org/sounds/uploaded/WOEAFQRMUD/ffts/tb/Cardinalis cardinalisJune88-3.png
67168;Cardinalis;cardinalis;Northern Cardinal;;Daniel Lane;United States;Glenridge Parkway, Montclair, Essex County, NJ;40.8208115371123;-74.2016687391879;song;Cardinalis.cardinalis90-1.mp3;http://www.xeno-canto.org/sounds/uploaded/WOEAFQRMUD/Cardinalis.cardinalis90-1.mp3;http://www.xeno-canto.org/sounds/uploaded/WOEAFQRMUD/ffts/tb/Cardinalis.cardinalis90-1.png
70052;Cardinalis;cardinalis;Northern Cardinal;;Paul Driver;United States;Elkins Park, PA;40.07706;-75.12684;call;NORTHERN CARDINAL double calls Elkins Park PA 91410.mp3;http://www.xeno-canto.org/sounds/uploaded/FSCGENVPXK/NORTHERN CARDINAL double calls Elkins Park PA 91410.mp3;http://www.xeno-canto.org/sounds/uploaded/FSCGENVPXK/ffts/tb/NORTHERN CARDINAL double calls Elkins Park PA 91410.png
70053;Cardinalis;cardinalis;Northern Cardinal;;Paul Driver;United States;Elkins Park, PA;40.07706;-75.12684;song;NORTHERN CARDINAL f song Elkins Park PA 61209.mp3;http://www.xeno-canto.org/sounds/uploaded/FSCGENVPXK/NORTHERN CARDINAL f song Elkins Park PA 61209.mp3;http://www.xeno-canto.org/sounds/uploaded/FSCGENVPXK/ffts/tb/NORTHERN CARDINAL f song Elkins Park PA 61209.png
70054;Cardinalis;cardinalis;Northern Cardinal;;Paul Driver;United States;Huntingdon Valley, PA;40.12261;-75.0635;call;NORTHERN CARDINAL f var calls PERT PA 7810.mp3;http://www.xeno-canto.org/sounds/uploaded/FSCGENVPXK/NORTHERN CARDINAL f var calls PERT PA 7810.mp3;http://www.xeno-canto.org/sounds/uploaded/FSCGENVPXK/ffts/tb/NORTHERN CARDINAL f var calls PERT PA 7810.png
71000;Cardinalis;cardinalis;Northern Cardinal;;Mary Beth Stowe;United States;Lost Maples SNA, Bandera County, Texas;29.8242;-99.5845;Song;Northern Cardinal Song LMSNA.mp3;http://www.xeno-canto.org/sounds/uploaded/KTBQONMNPE/Northern Cardinal Song LMSNA.mp3;http://www.xeno-canto.org/sounds/uploaded/KTBQONMNPE/ffts/tb/Northern Cardinal Song LMSNA.png
71208;Cardinalis;cardinalis;Northern Cardinal;;Todd Wilson;United States;Engel Conservation Area, Waukesha County, Wisconsin;42.878184403195;-88.1598844526889;song;northern_cardinal_complex_song.mp3;http://www.xeno-canto.org/sounds/uploaded/HNJLXSFHYB/northern_cardinal_complex_song.mp3;http://www.xeno-canto.org/sounds/uploaded/HNJLXSFHYB/ffts/tb/northern_cardinal_complex_song.png
71726;Cardinalis;cardinalis;Northern Cardinal;;Jonathon Jongsma;United States;Carver Park Reserve;44.882;-93.683;song;JMJ-20110219-094954-000141-USA-MN-CareverParkReserve-NOCA.mp3;http://www.xeno-canto.org/sounds/uploaded/OJMFAOUBDU/JMJ-20110219-094954-000141-USA-MN-CareverParkReserve-NOCA.mp3;http://www.xeno-canto.org/sounds/uploaded/OJMFAOUBDU/ffts/tb/JMJ-20110219-094954-000141-USA-MN-CareverParkReserve-NOCA.png
72185;Cardinalis;cardinalis;Northern Cardinal;;Paul Driver;United States;Elkins Park, PA;40.07706;-75.12684;female song;NORTHERN CARDINAL f Elkins Park PA 022411 9.00am.mp3;http://www.xeno-canto.org/sounds/uploaded/FSCGENVPXK/NORTHERN CARDINAL f Elkins Park PA 022411 9.00am.mp3;http://www.xeno-canto.org/sounds/uploaded/FSCGENVPXK/ffts/tb/NORTHERN CARDINAL f Elkins Park PA 022411 9.00am.png
75501;Cardinalis;cardinalis;Northern Cardinal;;Jonathon Jongsma;United States;Wood Lake, Richfield, MN;44.878;-93.293;song;JMJ-20110409-072400-000172-USA-MN-WoodLake-NOCA.mp3;http://www.xeno-canto.org/sounds/uploaded/OJMFAOUBDU/JMJ-20110409-072400-000172-USA-MN-WoodLake-NOCA.mp3;http://www.xeno-canto.org/sounds/uploaded/OJMFAOUBDU/ffts/tb/JMJ-20110409-072400-000172-USA-MN-WoodLake-NOCA.png
75622;Cardinalis;cardinalis;Northern Cardinal;;Ezekiel S. Jakub;United States;BENNETT MEADOWS, NORTHFIELD, MA;42.675;-72.474;Call;NorthernCardinal.mp3;http://www.xeno-canto.org/sounds/uploaded/QSEMQXCHPN/NorthernCardinal.mp3;http://www.xeno-canto.org/sounds/uploaded/QSEMQXCHPN/ffts/tb/NorthernCardinal.png
76693;Cardinalis;cardinalis;Northern Cardinal;cardinalis;Sander Pieterse;United States;Citico Road, Citico Beach, Tellico Lake, Tennessee;;;song;SP_Tennessee_2011_-_Northern_Cardinal_song_(Tellico_Lake).mp3;http://www.xeno-canto.org/sounds/uploaded/HMLZGZJENG/SP_Tennessee_2011_-_Northern_Cardinal_song_(Tellico_Lake).mp3;http://www.xeno-canto.org/sounds/uploaded/HMLZGZJENG/ffts/tb/SP_Tennessee_2011_-_Northern_Cardinal_song_(Tellico_Lake).png
77572;Cardinalis;cardinalis;Northern Cardinal;;Jonathon Jongsma;United States;Powderhorn Park, Minneapolis, MN;44.942;-93.259;call;JMJ-20110509-124538-000186-USA-MN-PowderhornPark-NOCA-call.mp3;http://www.xeno-canto.org/sounds/uploaded/OJMFAOUBDU/JMJ-20110509-124538-000186-USA-MN-PowderhornPark-NOCA-call.mp3;http://www.xeno-canto.org/sounds/uploaded/OJMFAOUBDU/ffts/tb/JMJ-20110509-124538-000186-USA-MN-PowderhornPark-NOCA-call.png
77704;Cardinalis;cardinalis;Northern Cardinal;;Mary Beth Stowe;Belize;Lamanai Outpost Lodge;17.752;-88.652;Song;Northern Cardinal Song BEL.mp3;http://www.xeno-canto.org/sounds/uploaded/KTBQONMNPE/Northern Cardinal Song BEL.mp3;http://www.xeno-canto.org/sounds/uploaded/KTBQONMNPE/ffts/tb/Northern Cardinal Song BEL.png
82113;Cardinalis;cardinalis;Northern Cardinal;cardinalis;Mike Nelson;United States;Knoxville, Tennessee;35.8589;-84.0948;Song;NorthernCardinal92.mp3;http://www.xeno-canto.org/sounds/uploaded/PWDLINYMKL/NorthernCardinal92.mp3;http://www.xeno-canto.org/sounds/uploaded/PWDLINYMKL/ffts/tb/NorthernCardinal92.png
83429;Cardinalis;cardinalis;Northern Cardinal;;David Geale;Canada;The Shack, North of Port Hope, Ontario;44.0489;-78.2787;Song;NOCA07152011jul08.mp3;http://www.xeno-canto.org/sounds/uploaded/SBFBVYGIJC/NOCA07152011jul08.mp3;http://www.xeno-canto.org/sounds/uploaded/SBFBVYGIJC/ffts/tb/NOCA07152011jul08.png
86227;Cardinalis;cardinalis;Northern Cardinal;;Oswaldo Cortes;United States;Atchafalaya, Baton Rouge, Lousiana;;;call;cardinalis ghfhfty usa lousiana.mp3;http://www.xeno-canto.org/sounds/uploaded/VVDRVZCVWW/cardinalis ghfhfty usa lousiana.mp3;http://www.xeno-canto.org/sounds/uploaded/VVDRVZCVWW/ffts/tb/cardinalis ghfhfty usa lousiana.png
86497;Cardinalis;cardinalis;Northern Cardinal;;Paul Driver;United States;Elkins Park, PA;40.072;-75.12;churr at end of song;NORTHERN CARDINAL chirr Elkins Park PA  041011.mp3;http://www.xeno-canto.org/sounds/uploaded/FSCGENVPXK/NORTHERN CARDINAL chirr Elkins Park PA  041011.mp3;http://www.xeno-canto.org/sounds/uploaded/FSCGENVPXK/ffts/tb/NORTHERN CARDINAL chirr Elkins Park PA  041011.png
86498;Cardinalis;cardinalis;Northern Cardinal;;Paul Driver;United States;Elkins Park, PA;40.072;-75.12;quiet calls;NORTHERN CARDINAL m quiet calls Elkins Park PA 040911.mp3;http://www.xeno-canto.org/sounds/uploaded/FSCGENVPXK/NORTHERN CARDINAL m quiet calls Elkins Park PA 040911.mp3;http://www.xeno-canto.org/sounds/uploaded/FSCGENVPXK/ffts/tb/NORTHERN CARDINAL m quiet calls Elkins Park PA 040911.png
86662;Cardinalis;cardinalis;Northern Cardinal;;Mike Nelson;United States;Forks of the River, Knoxville, Tn;35.954;-83.849;Song;NorthernCardinal93.mp3;http://www.xeno-canto.org/sounds/uploaded/PWDLINYMKL/NorthernCardinal93.mp3;http://www.xeno-canto.org/sounds/uploaded/PWDLINYMKL/ffts/tb/NorthernCardinal93.png
89180;Cardinalis;cardinalis;Northern Cardinal;;Mike Nelson;United States;Foothills Parkway, Walland, Tennessee;35.672;-83.9009;Call;NorthernCardinal94.mp3;http://www.xeno-canto.org/sounds/uploaded/PWDLINYMKL/NorthernCardinal94.mp3;http://www.xeno-canto.org/sounds/uploaded/PWDLINYMKL/ffts/tb/NorthernCardinal94.png
91228;Cardinalis;cardinalis;Northern Cardinal;;Ryan P. O'Donnell;United States;Waikoloa Village, Big Island, Hawaii;19.934;-155.875;Call;0207 Northern Cardinal.mp3;http://www.xeno-canto.org/sounds/uploaded/SDXVTLDNGJ/0207 Northern Cardinal.mp3;http://www.xeno-canto.org/sounds/uploaded/SDXVTLDNGJ/ffts/tb/0207 Northern Cardinal.png
97364;Cardinalis;cardinalis;Northern Cardinal;;Daniel Lane;United States;Farr Park, E Baton Rouge Parish, Louisiana;30.385;-91.206;song;Cardinalis cardinalis120325_T248.mp3;http://www.xeno-canto.org/sounds/uploaded/WOEAFQRMUD/Cardinalis cardinalis120325_T248.mp3;http://www.xeno-canto.org/sounds/uploaded/WOEAFQRMUD/ffts/tb/Cardinalis cardinalis120325_T248.png
97949;Cardinalis;cardinalis;Northern Cardinal;;Daniel Lane;United States;Baton Rouge, East B. R. Parish, LA;30.4334;-91.1667;song;Cardinalis cardinalis120330_T256.mp3;http://www.xeno-canto.org/sounds/uploaded/WOEAFQRMUD/Cardinalis cardinalis120330_T256.mp3;http://www.xeno-canto.org/sounds/uploaded/WOEAFQRMUD/ffts/tb/Cardinalis cardinalis120330_T256.png
