1741;Turdus;chiguanco;Chiguanco Thrush;anthracinus;Sjoerd Mayer;Bolivia;Río Alizos, Tariquia, Tarija;-21.883;-64.583;Alarm calls;19/a27.mp3;http://www.xeno-canto.org/sounds/uploaded/KOIEAHGHNX/19/a27.mp3;http://www.xeno-canto.org/sounds/uploaded/KOIEAHGHNX/ffts/tb/19_a27.png
1744;Turdus;chiguanco;Chiguanco Thrush;anthracinus;Sjoerd Mayer;Bolivia;Cerro Alto de Minas (camp), Tariquia, Tarija;-21.9;-64.567;Alarm calls;19/b09b.mp3;http://www.xeno-canto.org/sounds/uploaded/KOIEAHGHNX/19/b09b.mp3;http://www.xeno-canto.org/sounds/uploaded/KOIEAHGHNX/ffts/tb/19_b09b.png
1981;Turdus;chiguanco;Chiguanco Thrush;anthracinus;Sjoerd Mayer;Bolivia;Titi Amaya, near Inquisivi, La Paz;-16.9334;-67.2001;Alarm calls, female.;34/a18.mp3;http://www.xeno-canto.org/sounds/uploaded/KOIEAHGHNX/34/a18.mp3;http://www.xeno-canto.org/sounds/uploaded/KOIEAHGHNX/ffts/tb/34_a18.png
1982;Turdus;chiguanco;Chiguanco Thrush;anthracinus;Sjoerd Mayer;Bolivia;Titi Amaya, near Inquisivi, La Paz;-16.9334;-67.2001;Alarming wheens of a female;34/a19a.mp3;http://www.xeno-canto.org/sounds/uploaded/KOIEAHGHNX/34/a19a.mp3;http://www.xeno-canto.org/sounds/uploaded/KOIEAHGHNX/ffts/tb/34_a19a.png
2048;Turdus;chiguanco;Chiguanco Thrush;anthracinus;Sjoerd Mayer;Bolivia;Isikuni, near Inquisivi, La Paz;-16.9;-67.017;Calls;38/b03.mp3;http://www.xeno-canto.org/sounds/uploaded/KOIEAHGHNX/38/b03.mp3;http://www.xeno-canto.org/sounds/uploaded/KOIEAHGHNX/ffts/tb/38_b03.png
2090;Turdus;chiguanco;Chiguanco Thrush;anthracinus;Sjoerd Mayer;Bolivia;Chojña Khota, near Inquisivi, La Paz;-16.867;-67.183;Song;41/a25.mp3;http://www.xeno-canto.org/sounds/uploaded/KOIEAHGHNX/41/a25.mp3;http://www.xeno-canto.org/sounds/uploaded/KOIEAHGHNX/ffts/tb/41_a25.png
2126;Turdus;chiguanco;Chiguanco Thrush;chiguanco;Sjoerd Mayer;Bolivia;Obrajes, 40 minutes downstream from Pelechuco, La Paz;-14.8;-69.067;Song;44/b02a.mp3;http://www.xeno-canto.org/sounds/uploaded/KOIEAHGHNX/44/b02a.mp3;http://www.xeno-canto.org/sounds/uploaded/KOIEAHGHNX/ffts/tb/44_b02a.png
4667;Turdus;chiguanco;Chiguanco Thrush;;Aidan Maccormick;Bolivia;Tariquia, Los Pinos, Tarija;-21.9144444444444;-64.1772222222222;Song;157.mp3;http://www.xeno-canto.org/sounds/uploaded/SCTZBYJFRC/157.mp3;http://www.xeno-canto.org/sounds/uploaded/SCTZBYJFRC/ffts/tb/157.png
4668;Turdus;chiguanco;Chiguanco Thrush;;Aidan Maccormick;Bolivia;Tariquia, Los Pinos, Tarija;-21.9144444444444;-64.1772222222222;Call;156.mp3;http://www.xeno-canto.org/sounds/uploaded/SCTZBYJFRC/156.mp3;http://www.xeno-canto.org/sounds/uploaded/SCTZBYJFRC/ffts/tb/156.png
8698;Turdus;chiguanco;Chiguanco Thrush;;Willem-Pier Vellinga;Peru;road to Incahuasi above Moyan, Ferrenafe, Lambayeque;-6.233053;-79.349098;calls;negrahuasiIITurChicall.mp3;http://www.xeno-canto.org/sounds/uploaded/AEFZWKWLMO/negrahuasiIITurChicall.mp3;http://www.xeno-canto.org/sounds/uploaded/AEFZWKWLMO/ffts/tb/negrahuasiIITurChicall.png
8700;Turdus;chiguanco;Chiguanco Thrush;;Willem-Pier Vellinga;Peru;road to Incahuasi above Moyan, Ferrenafe, Lambayeque;-6.233053;-79.349098;song;LaquipampaITurChi2.mp3;http://www.xeno-canto.org/sounds/uploaded/AEFZWKWLMO/LaquipampaITurChi2.mp3;http://www.xeno-canto.org/sounds/uploaded/AEFZWKWLMO/ffts/tb/LaquipampaITurChi2.png
16145;Turdus;chiguanco;Chiguanco Thrush;anthracinus (presumably);Niels Krabbe;Bolivia;N. of Tarabuco (Chuquisaca);-19.1501;-64.9834;Song;040 Chiguanco Thrush (Turdus chiguanco) 3.mp3;http://www.xeno-canto.org/sounds/uploaded/XTVEPHMPPJ/040 Chiguanco Thrush (Turdus chiguanco) 3.mp3;http://www.xeno-canto.org/sounds/uploaded/XTVEPHMPPJ/ffts/tb/040 Chiguanco Thrush (Turdus chiguanco) 3.png
20158;Turdus;chiguanco;Chiguanco Thrush;;Niels Krabbe;Peru;Cuzco/Puno: La Raya pass: 1429S 7105W;-14.4834;-71.0834;song;TURCHI02.mp3;http://www.xeno-canto.org/sounds/uploaded/XTVEPHMPPJ/TURCHI02.mp3;http://www.xeno-canto.org/sounds/uploaded/XTVEPHMPPJ/ffts/tb/TURCHI02.png
20667;Turdus;chiguanco;Chiguanco Thrush;;Israel Aragon;Peru;Huacarpay surrounding area - Cusco;-13.6181;-71.7167;Song (type 1);Turduschiguanco1.mp3;http://www.xeno-canto.org/sounds/uploaded/BNBYBUUDRP/Turduschiguanco1.mp3;http://www.xeno-canto.org/sounds/uploaded/BNBYBUUDRP/ffts/tb/Turduschiguanco1.png
20812;Turdus;chiguanco;Chiguanco Thrush;;Israel Aragon;Peru;Huacarpay surrounding area - Cusco;-13.6181;-71.7167;Song (type 2);Turduschiguanco2.mp3;http://www.xeno-canto.org/sounds/uploaded/BNBYBUUDRP/Turduschiguanco2.mp3;http://www.xeno-canto.org/sounds/uploaded/BNBYBUUDRP/ffts/tb/Turduschiguanco2.png
20839;Turdus;chiguanco;Chiguanco Thrush;;Israel Aragon;Peru;Huacarpay surrounding area - Cusco;-13.6181;-71.7167;Song (type 3);Turduschiguanco3.mp3;http://www.xeno-canto.org/sounds/uploaded/BNBYBUUDRP/Turduschiguanco3.mp3;http://www.xeno-canto.org/sounds/uploaded/BNBYBUUDRP/ffts/tb/Turduschiguanco3.png
20851;Turdus;chiguanco;Chiguanco Thrush;;Israel Aragon;Peru;Tambomachay - near Cusco city;-13.6181;-71.7167;Calls;Turduschiguanco4.mp3;http://www.xeno-canto.org/sounds/uploaded/BNBYBUUDRP/Turduschiguanco4.mp3;http://www.xeno-canto.org/sounds/uploaded/BNBYBUUDRP/ffts/tb/Turduschiguanco4.png
20894;Turdus;chiguanco;Chiguanco Thrush;;Israel Aragon;Peru;Huacarpay surrounding area - Cusco;-13.6181;-71.7167;Calls;Turduschiguanco5.mp3;http://www.xeno-canto.org/sounds/uploaded/BNBYBUUDRP/Turduschiguanco5.mp3;http://www.xeno-canto.org/sounds/uploaded/BNBYBUUDRP/ffts/tb/Turduschiguanco5.png
32300;Turdus;chiguanco;Chiguanco Thrush;anthracinus;Niels Krabbe;Argentina;Finca El Candado, Salta;-25.2001;-65.8167;call;Turdus_chiguanco_2009_03_27a.mp3;http://www.xeno-canto.org/sounds/uploaded/XTVEPHMPPJ/Turdus_chiguanco_2009_03_27a.mp3;http://www.xeno-canto.org/sounds/uploaded/XTVEPHMPPJ/ffts/tb/Turdus_chiguanco_2009_03_27a.png
32301;Turdus;chiguanco;Chiguanco Thrush;anthracinus;Niels Krabbe;Argentina;Finca El Candado, Salta;-25.2001;-65.8167;calls;Turdus_chiguanco_2009_03_27b.mp3;http://www.xeno-canto.org/sounds/uploaded/XTVEPHMPPJ/Turdus_chiguanco_2009_03_27b.mp3;http://www.xeno-canto.org/sounds/uploaded/XTVEPHMPPJ/ffts/tb/Turdus_chiguanco_2009_03_27b.png
32302;Turdus;chiguanco;Chiguanco Thrush;anthracinus;Niels Krabbe;Argentina;Finca El Candado, Salta;-25.2001;-65.8167;calls;Turdus_chiguanco_2009_03_27c.mp3;http://www.xeno-canto.org/sounds/uploaded/XTVEPHMPPJ/Turdus_chiguanco_2009_03_27c.mp3;http://www.xeno-canto.org/sounds/uploaded/XTVEPHMPPJ/ffts/tb/Turdus_chiguanco_2009_03_27c.png
32518;Turdus;chiguanco;Chiguanco Thrush;anthracinus;Niels Krabbe;Argentina;Tucumán: Quilmes road;-26.4834;-66.01;calls;Turdus chiguanco 2007 04 25.mp3;http://www.xeno-canto.org/sounds/uploaded/XTVEPHMPPJ/Turdus chiguanco 2007 04 25.mp3;http://www.xeno-canto.org/sounds/uploaded/XTVEPHMPPJ/ffts/tb/Turdus chiguanco 2007 04 25.png
46920;Turdus;chiguanco;Chiguanco Thrush;anthracinus;Bernabe Lopez-Lanus;Argentina;Villa General Belgrano, Cordoba;;;Song;Turdus chiguanco_Chiguanco Thrush_Villa General Belgrano_Cordoba_Argentina_30NOV02 a_Bernabe Lopez-Lanus.mp3;http://www.xeno-canto.org/sounds/uploaded/BYLLSJRVDZ/Turdus chiguanco_Chiguanco Thrush_Villa General Belgrano_Cordoba_Argentina_30NOV02 a_Bernabe Lopez-Lanus.mp3;http://www.xeno-canto.org/sounds/uploaded/BYLLSJRVDZ/ffts/tb/Turdus chiguanco_Chiguanco Thrush_Villa General Belgrano_Cordoba_Argentina_30NOV02 a_Bernabe Lopez-Lanus.png
46921;Turdus;chiguanco;Chiguanco Thrush;anthracinus;Bernabe Lopez-Lanus;Argentina;Viila General Belgrano, Cordoba;;;Alarm call;Turdus chiguanco_Chiguanco Thrush_Villa General Belgrano_Cordoba_Argentina_20SEP09 b_Bernabe Lopez-Lanus.mp3;http://www.xeno-canto.org/sounds/uploaded/BYLLSJRVDZ/Turdus chiguanco_Chiguanco Thrush_Villa General Belgrano_Cordoba_Argentina_20SEP09 b_Bernabe Lopez-Lanus.mp3;http://www.xeno-canto.org/sounds/uploaded/BYLLSJRVDZ/ffts/tb/Turdus chiguanco_Chiguanco Thrush_Villa General Belgrano_Cordoba_Argentina_20SEP09 b_Bernabe Lopez-Lanus.png
46922;Turdus;chiguanco;Chiguanco Thrush;anthracinus;Bernabe Lopez-Lanus;Argentina;Villa General Belgrano, Cordoba;;;Alarm call;Turdus chiguanco_Chiguanco Thrush_Villa General Belgrano_Cordoba_Argentina_30NOV02 c_Bernabe Lopez-Lanus.mp3;http://www.xeno-canto.org/sounds/uploaded/BYLLSJRVDZ/Turdus chiguanco_Chiguanco Thrush_Villa General Belgrano_Cordoba_Argentina_30NOV02 c_Bernabe Lopez-Lanus.mp3;http://www.xeno-canto.org/sounds/uploaded/BYLLSJRVDZ/ffts/tb/Turdus chiguanco_Chiguanco Thrush_Villa General Belgrano_Cordoba_Argentina_30NOV02 c_Bernabe Lopez-Lanus.png
47186;Turdus;chiguanco;Chiguanco Thrush;;Andrew Spencer;Peru;Ondores, Junin;-11.07;-76.1514;song;Chiguanco Thrush2009-11-18-1.mp3;http://www.xeno-canto.org/sounds/uploaded/CDTGHVBGZP/Chiguanco Thrush2009-11-18-1.mp3;http://www.xeno-canto.org/sounds/uploaded/CDTGHVBGZP/ffts/tb/Chiguanco Thrush2009-11-18-1.png
47187;Turdus;chiguanco;Chiguanco Thrush;;Andrew Spencer;Peru;Ondores, Junin;-11.07;-76.1514;call?;Chiguanco Thrush2009-11-19-1.mp3;http://www.xeno-canto.org/sounds/uploaded/CDTGHVBGZP/Chiguanco Thrush2009-11-19-1.mp3;http://www.xeno-canto.org/sounds/uploaded/CDTGHVBGZP/ffts/tb/Chiguanco Thrush2009-11-19-1.png
47527;Turdus;chiguanco;Chiguanco Thrush;;Niels Krabbe;Peru;Above Hortigal, Lima;-12.9167;-75.7001;song, call, and song;Turdus_chiguanco,_1255-56S_7542-43W,_above_Hortigal,_3800-4350_m,_7_Mar_1987,_NKrabbe,_2A242-253,307-314,-321,_song_call_song.mp3;http://www.xeno-canto.org/sounds/uploaded/XTVEPHMPPJ/Turdus_chiguanco,_1255-56S_7542-43W,_above_Hortigal,_3800-4350_m,_7_Mar_1987,_NKrabbe,_2A242-253,307-314,-321,_song_call_song.mp3;http://www.xeno-canto.org/sounds/uploaded/XTVEPHMPPJ/ffts/tb/Turdus_chiguanco,_1255-56S_7542-43W,_above_Hortigal,_3800-4350_m,_7_Mar_1987,_NKrabbe,_2A242-253,307-314,-321,_song_call_song.png
47529;Turdus;chiguanco;Chiguanco Thrush;;Niels Krabbe;Peru;Cerro Quishuarniyoc, Arequipa;-13.6334;-72.9501;calls of fledgling;Turdus_chiguanco,_C._Quishuarniyoc,_Arequipa,_1540S_7245W,_4150_m,_07_May_1987,_NKrabbe,_5A_223-225,_fledgling_call.mp3;http://www.xeno-canto.org/sounds/uploaded/XTVEPHMPPJ/Turdus_chiguanco,_C._Quishuarniyoc,_Arequipa,_1540S_7245W,_4150_m,_07_May_1987,_NKrabbe,_5A_223-225,_fledgling_call.mp3;http://www.xeno-canto.org/sounds/uploaded/XTVEPHMPPJ/ffts/tb/Turdus_chiguanco,_C._Quishuarniyoc,_Arequipa,_1540S_7245W,_4150_m,_07_May_1987,_NKrabbe,_5A_223-225,_fledgling_call.png
47530;Turdus;chiguanco;Chiguanco Thrush;;Niels Krabbe;Peru;La Raya Pass (Puno);-14.5001;-71.0101;song;Turdus_chiguanco,_Laraya_pass,_Puno,_1429S_7100,_4300_m,_18_Dec_1983,_NKrabbe,_song.mp3;http://www.xeno-canto.org/sounds/uploaded/XTVEPHMPPJ/Turdus_chiguanco,_Laraya_pass,_Puno,_1429S_7100,_4300_m,_18_Dec_1983,_NKrabbe,_song.mp3;http://www.xeno-canto.org/sounds/uploaded/XTVEPHMPPJ/ffts/tb/Turdus_chiguanco,_Laraya_pass,_Puno,_1429S_7100,_4300_m,_18_Dec_1983,_NKrabbe,_song.png
48299;Turdus;chiguanco;Chiguanco Thrush;anthracinus;Mike Nelson;Argentina;Molle Punco, Jujuy;-23.8192;-65.4773;Call;ChiguancoThrush.mp3;http://www.xeno-canto.org/sounds/uploaded/PWDLINYMKL/ChiguancoThrush.mp3;http://www.xeno-canto.org/sounds/uploaded/PWDLINYMKL/ffts/tb/ChiguancoThrush.png
49974;Turdus;chiguanco;Chiguanco Thrush;;Rosendo Fraga;Argentina;Quebrada La Higuerita, San Luis;;;song;THRUSH Chiguanco_05_Quebrada La Higuerita_San Luis_AR_10JUL98_Rosendo Fraga.mp3;http://www.xeno-canto.org/sounds/uploaded/JQSYKZHEMB/THRUSH Chiguanco_05_Quebrada La Higuerita_San Luis_AR_10JUL98_Rosendo Fraga.mp3;http://www.xeno-canto.org/sounds/uploaded/JQSYKZHEMB/ffts/tb/THRUSH Chiguanco_05_Quebrada La Higuerita_San Luis_AR_10JUL98_Rosendo Fraga.png
49975;Turdus;chiguanco;Chiguanco Thrush;;Rosendo Fraga;Argentina;Tilcara, Jujuy;;;call;THRUSH Chiguanco_14_Angosto del Perchel_Tilcara_Jujuy_AR_28ENE05_Rosendo Fraga.mp3;http://www.xeno-canto.org/sounds/uploaded/JQSYKZHEMB/THRUSH Chiguanco_14_Angosto del Perchel_Tilcara_Jujuy_AR_28ENE05_Rosendo Fraga.mp3;http://www.xeno-canto.org/sounds/uploaded/JQSYKZHEMB/ffts/tb/THRUSH Chiguanco_14_Angosto del Perchel_Tilcara_Jujuy_AR_28ENE05_Rosendo Fraga.png
52176;Turdus;chiguanco;Chiguanco Thrush;;Bernabe Lopez-Lanus;Argentina;Villa General Belgrano, Cordoba;;;song;THRUSH Chiguanco_01_Villa General Belgrano_Cordoba_AR_1DIC02_Bernabe Lopez-Lanus.mp3;http://www.xeno-canto.org/sounds/uploaded/BYLLSJRVDZ/THRUSH Chiguanco_01_Villa General Belgrano_Cordoba_AR_1DIC02_Bernabe Lopez-Lanus.mp3;http://www.xeno-canto.org/sounds/uploaded/BYLLSJRVDZ/ffts/tb/THRUSH Chiguanco_01_Villa General Belgrano_Cordoba_AR_1DIC02_Bernabe Lopez-Lanus.png
52177;Turdus;chiguanco;Chiguanco Thrush;;Bernabe Lopez-Lanus;Argentina;Villa General Belgrano, Cordoba;;;song;THRUSH Chiguanco_02_Villa General Belgrano_Cordoba_AR_29OCT01_Bernabe Lopez-Lanus.mp3;http://www.xeno-canto.org/sounds/uploaded/BYLLSJRVDZ/THRUSH Chiguanco_02_Villa General Belgrano_Cordoba_AR_29OCT01_Bernabe Lopez-Lanus.mp3;http://www.xeno-canto.org/sounds/uploaded/BYLLSJRVDZ/ffts/tb/THRUSH Chiguanco_02_Villa General Belgrano_Cordoba_AR_29OCT01_Bernabe Lopez-Lanus.png
52178;Turdus;chiguanco;Chiguanco Thrush;;Bernabe Lopez-Lanus;Argentina;PN Quebrada del Condorito, Cordoba;;;song;THRUSH Chiguanco_08_PN Quebrada del Condorito_Cordoba_AR_31MAY07_Bernabe Lopez-Lanus.mp3;http://www.xeno-canto.org/sounds/uploaded/BYLLSJRVDZ/THRUSH Chiguanco_08_PN Quebrada del Condorito_Cordoba_AR_31MAY07_Bernabe Lopez-Lanus.mp3;http://www.xeno-canto.org/sounds/uploaded/BYLLSJRVDZ/ffts/tb/THRUSH Chiguanco_08_PN Quebrada del Condorito_Cordoba_AR_31MAY07_Bernabe Lopez-Lanus.png
52179;Turdus;chiguanco;Chiguanco Thrush;;Bernabe Lopez-Lanus;Argentina;Villa General Belgrano, Cordoba;;;song;THRUSH Chiguanco_09_Villa General Belgrano_Cordoba_AR_29OCT01_Bernabe Lopez-Lanus.mp3;http://www.xeno-canto.org/sounds/uploaded/BYLLSJRVDZ/THRUSH Chiguanco_09_Villa General Belgrano_Cordoba_AR_29OCT01_Bernabe Lopez-Lanus.mp3;http://www.xeno-canto.org/sounds/uploaded/BYLLSJRVDZ/ffts/tb/THRUSH Chiguanco_09_Villa General Belgrano_Cordoba_AR_29OCT01_Bernabe Lopez-Lanus.png
53116;Turdus;chiguanco;Chiguanco Thrush;;Carlos Ferrari;Argentina;Yavi, Jujuy;-22.1345;-65.4645;song;THRUSH Chiguanco_03_Yavi_Jujuy_AR_FEB05_Carlos Ferrari.mp3;http://www.xeno-canto.org/sounds/uploaded/ZYWOYHEPUK/THRUSH Chiguanco_03_Yavi_Jujuy_AR_FEB05_Carlos Ferrari.mp3;http://www.xeno-canto.org/sounds/uploaded/ZYWOYHEPUK/ffts/tb/THRUSH Chiguanco_03_Yavi_Jujuy_AR_FEB05_Carlos Ferrari.png
53117;Turdus;chiguanco;Chiguanco Thrush;;Carlos Ferrari;Argentina;Altos de San Pedro, Villa Giardino, Cordoba;;;song;THRUSH Chiguanco_10_Altos de San Pedro_Villa Giardino_Cordoba_AR_FEB05_Carlos Ferrari.mp3;http://www.xeno-canto.org/sounds/uploaded/ZYWOYHEPUK/THRUSH Chiguanco_10_Altos de San Pedro_Villa Giardino_Cordoba_AR_FEB05_Carlos Ferrari.mp3;http://www.xeno-canto.org/sounds/uploaded/ZYWOYHEPUK/ffts/tb/THRUSH Chiguanco_10_Altos de San Pedro_Villa Giardino_Cordoba_AR_FEB05_Carlos Ferrari.png
59247;Turdus;chiguanco;Chiguanco Thrush;chiguanco;Frank Lambert;Peru;Lamay;-13.3637;-71.9064;song;Turdus_chiguanco_chiguanco-FL Lamay nr Cusco PE 15Jan10 3060m R09_0018.mp3;http://www.xeno-canto.org/sounds/uploaded/YTUXOCTUEM/Turdus_chiguanco_chiguanco-FL Lamay nr Cusco PE 15Jan10 3060m R09_0018.mp3;http://www.xeno-canto.org/sounds/uploaded/YTUXOCTUEM/ffts/tb/Turdus_chiguanco_chiguanco-FL Lamay nr Cusco PE 15Jan10 3060m R09_0018.png
59249;Turdus;chiguanco;Chiguanco Thrush;chiguanco;Frank Lambert;Peru;Lamay;-13.3637;-71.9064;song;Turdus_chiguanco_chiguanco-FL Lamay nr Cusco PE 15Jan10 3060m R09_0017.mp3;http://www.xeno-canto.org/sounds/uploaded/YTUXOCTUEM/Turdus_chiguanco_chiguanco-FL Lamay nr Cusco PE 15Jan10 3060m R09_0017.mp3;http://www.xeno-canto.org/sounds/uploaded/YTUXOCTUEM/ffts/tb/Turdus_chiguanco_chiguanco-FL Lamay nr Cusco PE 15Jan10 3060m R09_0017.png
59441;Turdus;chiguanco;Chiguanco Thrush;;Thomas Donegan;Peru;Urubamba, Cuzco;-13.299;-72.119;Song;Disc 12 Track 27 Turdus chiguanco.mp3;http://www.xeno-canto.org/sounds/uploaded/OXSIOLJJUP/Disc 12 Track 27 Turdus chiguanco.mp3;http://www.xeno-canto.org/sounds/uploaded/OXSIOLJJUP/ffts/tb/Disc 12 Track 27 Turdus chiguanco.png
59458;Turdus;chiguanco;Chiguanco Thrush;;Thomas Donegan;Peru;Urubamba, Cuzco;-13.2989;-72.1189;Call;Disc 12 Track 43 Turdus chiguanco.mp3;http://www.xeno-canto.org/sounds/uploaded/OXSIOLJJUP/Disc 12 Track 43 Turdus chiguanco.mp3;http://www.xeno-canto.org/sounds/uploaded/OXSIOLJJUP/ffts/tb/Disc 12 Track 43 Turdus chiguanco.png
59466;Turdus;chiguanco;Chiguanco Thrush;;Thomas Donegan;Peru;Urubamba, Cuzco;-13.2989;-72.1189;Call;Disc 12 Track 49 Chin Thrush with Aratinga mitrata.mp3;http://www.xeno-canto.org/sounds/uploaded/OXSIOLJJUP/Disc 12 Track 49 Chin Thrush with Aratinga mitrata.mp3;http://www.xeno-canto.org/sounds/uploaded/OXSIOLJJUP/ffts/tb/Disc 12 Track 49 Chin Thrush with Aratinga mitrata.png
59477;Turdus;chiguanco;Chiguanco Thrush;;Thomas Donegan;Peru;Urubamba, Cuzco;-13.2989;-72.1189;Call;Disc 12 Track 53 Chin Thrush.mp3;http://www.xeno-canto.org/sounds/uploaded/OXSIOLJJUP/Disc 12 Track 53 Chin Thrush.mp3;http://www.xeno-canto.org/sounds/uploaded/OXSIOLJJUP/ffts/tb/Disc 12 Track 53 Chin Thrush.png
59478;Turdus;chiguanco;Chiguanco Thrush;;Thomas Donegan;Peru;Urubamba, Cuzco;-13.2989;-72.1189;Call;Disc 12 Track 53 Chin Thrushes various.mp3;http://www.xeno-canto.org/sounds/uploaded/OXSIOLJJUP/Disc 12 Track 53 Chin Thrushes various.mp3;http://www.xeno-canto.org/sounds/uploaded/OXSIOLJJUP/ffts/tb/Disc 12 Track 53 Chin Thrushes various.png
59479;Turdus;chiguanco;Chiguanco Thrush;;Thomas Donegan;Peru;Urubamba, Cuzco;-13.2989;-72.1189;Call;Disc 12 Track 53 ChinThrush et al.mp3;http://www.xeno-canto.org/sounds/uploaded/OXSIOLJJUP/Disc 12 Track 53 ChinThrush et al.mp3;http://www.xeno-canto.org/sounds/uploaded/OXSIOLJJUP/ffts/tb/Disc 12 Track 53 ChinThrush et al.png
59482;Turdus;chiguanco;Chiguanco Thrush;;Thomas Donegan;Peru;Urubamba, Cuzco;-13.2989;-72.1189;Song;Disc 12 Track 53 More Chin Thrushes with Saltator aurantiirostris.mp3;http://www.xeno-canto.org/sounds/uploaded/OXSIOLJJUP/Disc 12 Track 53 More Chin Thrushes with Saltator aurantiirostris.mp3;http://www.xeno-canto.org/sounds/uploaded/OXSIOLJJUP/ffts/tb/Disc 12 Track 53 More Chin Thrushes with Saltator aurantiirostris.png
60183;Turdus;chiguanco;Chiguanco Thrush;;Alvaro Jaramillo;Chile;Putre, I Region;;;call;THRUSH Chiguanco_06_Putre_I Region_CH_29JUL01_Alvaro Jaramillo.mp3;http://www.xeno-canto.org/sounds/uploaded/XQEVNREHJY/THRUSH Chiguanco_06_Putre_I Region_CH_29JUL01_Alvaro Jaramillo.mp3;http://www.xeno-canto.org/sounds/uploaded/XQEVNREHJY/ffts/tb/THRUSH Chiguanco_06_Putre_I Region_CH_29JUL01_Alvaro Jaramillo.png
60184;Turdus;chiguanco;Chiguanco Thrush;;Alvaro Jaramillo;Chile;San Pedro de Atacama, Antofagasta, II Region;;;call;THRUSH Chiguanco_12_San Pedro de Atacama_Antofagasta_II Region_CH_26JUL01_Alvaro Jaramillo.mp3;http://www.xeno-canto.org/sounds/uploaded/XQEVNREHJY/THRUSH Chiguanco_12_San Pedro de Atacama_Antofagasta_II Region_CH_26JUL01_Alvaro Jaramillo.mp3;http://www.xeno-canto.org/sounds/uploaded/XQEVNREHJY/ffts/tb/THRUSH Chiguanco_12_San Pedro de Atacama_Antofagasta_II Region_CH_26JUL01_Alvaro Jaramillo.png
60185;Turdus;chiguanco;Chiguanco Thrush;;Alvaro Jaramillo;Chile;San Pedro de Atacama, Antofagasta, II Region;;;call;THRUSH Chiguanco_13_San Pedro de Atacama_Antofagasta_II Region_CH_26JUL01_Alvaro Jaramillo.mp3;http://www.xeno-canto.org/sounds/uploaded/XQEVNREHJY/THRUSH Chiguanco_13_San Pedro de Atacama_Antofagasta_II Region_CH_26JUL01_Alvaro Jaramillo.mp3;http://www.xeno-canto.org/sounds/uploaded/XQEVNREHJY/ffts/tb/THRUSH Chiguanco_13_San Pedro de Atacama_Antofagasta_II Region_CH_26JUL01_Alvaro Jaramillo.png
60932;Turdus;chiguanco;Chiguanco Thrush;;Miguel Castelino;Argentina;Tafi del Valle, Tucuman;;;song;THRUSH Chiguanco_04_Tafi del Valle_Tucuman_AR_13OCT05_Miguel Castelino.mp3;http://www.xeno-canto.org/sounds/uploaded/RCJCABZSNP/THRUSH Chiguanco_04_Tafi del Valle_Tucuman_AR_13OCT05_Miguel Castelino.mp3;http://www.xeno-canto.org/sounds/uploaded/RCJCABZSNP/ffts/tb/THRUSH Chiguanco_04_Tafi del Valle_Tucuman_AR_13OCT05_Miguel Castelino.png
60933;Turdus;chiguanco;Chiguanco Thrush;;Miguel Castelino;Argentina;PN Lihue Calel, La Pampa;;;song;THRUSH Chiguanco_07_PN Lihue Calel_La Pampa_AR_18OCT94_Miguel Castelino.mp3;http://www.xeno-canto.org/sounds/uploaded/RCJCABZSNP/THRUSH Chiguanco_07_PN Lihue Calel_La Pampa_AR_18OCT94_Miguel Castelino.mp3;http://www.xeno-canto.org/sounds/uploaded/RCJCABZSNP/ffts/tb/THRUSH Chiguanco_07_PN Lihue Calel_La Pampa_AR_18OCT94_Miguel Castelino.png
63103;Turdus;chiguanco;Chiguanco Thrush;;Fabricio Gorleri;Argentina;Quebrada San Lorenzo, Salta;-24.725;-65.503;Alarm calls;508. Turdus chiguanco. Alarm calls (2).mp3;http://www.xeno-canto.org/sounds/uploaded/YHDVBURCZQ/508. Turdus chiguanco. Alarm calls (2).mp3;http://www.xeno-canto.org/sounds/uploaded/YHDVBURCZQ/ffts/tb/508. Turdus chiguanco. Alarm calls (2).png
64329;Turdus;chiguanco;Chiguanco Thrush;;Joseph Tobias and Nathalie Seddon;Bolivia;KM marker 183 on old road to Cochabamba, beyond Siberia;;;song;Turdchig02.mp3;http://www.xeno-canto.org/sounds/uploaded/IKMWQIXRNV/Turdchig02.mp3;http://www.xeno-canto.org/sounds/uploaded/IKMWQIXRNV/ffts/tb/Turdchig02.png
77088;Turdus;chiguanco;Chiguanco Thrush;;C. Jonathan Schmitt;Peru;Bosque Cachil;-7.3948;-78.7778;calls;Turdus chiguanco100717_00_nv_calls.mp3;http://www.xeno-canto.org/sounds/uploaded/KNKSMVYXNX/Turdus chiguanco100717_00_nv_calls.mp3;http://www.xeno-canto.org/sounds/uploaded/KNKSMVYXNX/ffts/tb/Turdus chiguanco100717_00_nv_calls.png
77089;Turdus;chiguanco;Chiguanco Thrush;;C. Jonathan Schmitt;Peru;Bosque Cachil;-7.3948;-78.7778;alarm calls;Turdus chiguanco100723_21_nv_alarm_calls.mp3;http://www.xeno-canto.org/sounds/uploaded/KNKSMVYXNX/Turdus chiguanco100723_21_nv_alarm_calls.mp3;http://www.xeno-canto.org/sounds/uploaded/KNKSMVYXNX/ffts/tb/Turdus chiguanco100723_21_nv_alarm_calls.png
90101;Turdus;chiguanco;Chiguanco Thrush;;manuel Grosselet;Peru;Peru, cuzco, before Sacsayhuaman;-13.51;-71.98;song;Turdus chiguanco.mp3;http://www.xeno-canto.org/sounds/uploaded/ILUHRFXDNU/Turdus chiguanco.mp3;http://www.xeno-canto.org/sounds/uploaded/ILUHRFXDNU/ffts/tb/Turdus chiguanco.png
90102;Turdus;chiguanco;Chiguanco Thrush;;manuel Grosselet;Peru;Peru, cuzco, before Sacsayhuaman;-13.51;-71.98;call;Turdus chiguancocall.mp3;http://www.xeno-canto.org/sounds/uploaded/ILUHRFXDNU/Turdus chiguancocall.mp3;http://www.xeno-canto.org/sounds/uploaded/ILUHRFXDNU/ffts/tb/Turdus chiguancocall.png
91016;Turdus;chiguanco;Chiguanco Thrush;;Oswaldo Cortes;Peru;Machu Picchu, Cuzco;-13.167;-72.5001;songs;TURDUS CHIGUANCo machu pichu2.mp3;http://www.xeno-canto.org/sounds/uploaded/VVDRVZCVWW/TURDUS CHIGUANCo machu pichu2.mp3;http://www.xeno-canto.org/sounds/uploaded/VVDRVZCVWW/ffts/tb/TURDUS CHIGUANCo machu pichu2.png
91019;Turdus;chiguanco;Chiguanco Thrush;;Oswaldo Cortes;Peru;Machu Picchu, Cuzco;-13.167;-72.5001;songs;TURDUS CHIGUANCo machu pichu.mp3;http://www.xeno-canto.org/sounds/uploaded/VVDRVZCVWW/TURDUS CHIGUANCo machu pichu.mp3;http://www.xeno-canto.org/sounds/uploaded/VVDRVZCVWW/ffts/tb/TURDUS CHIGUANCo machu pichu.png
95761;Turdus;chiguanco;Chiguanco Thrush;;Bernabe Lopez-Lanus;Argentina;Yavi, Jujuy;-22.1345;-65.4645;Alarm call;Turdus chiguanco 1alarma_Yavi_Jujuy_Arg_14FEB2012_Bernabe Lopez-Lanus.mp3;http://www.xeno-canto.org/sounds/uploaded/BYLLSJRVDZ/Turdus chiguanco 1alarma_Yavi_Jujuy_Arg_14FEB2012_Bernabe Lopez-Lanus.mp3;http://www.xeno-canto.org/sounds/uploaded/BYLLSJRVDZ/ffts/tb/Turdus chiguanco 1alarma_Yavi_Jujuy_Arg_14FEB2012_Bernabe Lopez-Lanus.png
